	0	1	2	3	4	5	6	7	8	9	10	11	12	13	14	15
0	{7364: 28}	{76802: 28}	{113255: 28}													
1	{113255: 28}															
2	{7364: 28}	{113255: 28}														
3	{19075: 21}	{74864: 21}	{78678: 21}													
4	{7364: 21}	{55826: 21}	{70996: 21}													
5	{7364: 21}	{55826: 21}	{70996: 21}													
6	{7364: 21}	{55826: 21}	{70996: 21}													
7	{70996: 21}	{76802: 21}	{113255: 21}													
8	{7364: 28}	{55826: 28}	{76802: 28}	{113255: 28}												
9	{7364: 28}	{55826: 28}	{76802: 28}	{113255: 28}												
10	{4460: 28}	{7364: 28}	{55826: 28}	{76802: 28}	{113255: 28}											
11	{4460: 28}	{7364: 28}	{55826: 28}	{113255: 28}												
12	{44275: 15}															
13	{76802: 28}															
14	{7364: 14}	{55826: 7}	{70996: 7}													
15	{7364: 14}	{55826: 14}														
16	{7364: 14}	{55826: 14}														
17	{7364: 7}	{55826: 28}	{70996: 14}													
18	{70996: 7}	{113255: 14}														
19	{17696: 14}	{27584: 7}	{92793: 7}	{100581: 14}												
20	{17696: 14}	{27584: 7}	{92793: 7}	{100581: 14}												
21	{76802: 7}	{113255: 7}														
22	{76802: 7}	{113255: 7}														
23	{76802: 7}	{113255: 7}														
24	{76802: 7}	{113255: 7}														
25	{76802: 7}	{113255: 7}														
26	{76802: 7}	{113255: 7}														
27	{76802: 7}	{113255: 7}														
28	{873: 7}	{5608: 7}	{113255: 7}													
29	{873: 14}	{7364: 14}														
30	{873: 14}	{4460: 14}	{7364: 14}													
31	{7364: 7}															
32	{55826: 7}	{70996: 7}														
33	{55826: 7}	{70996: 7}														
34	{55826: 7}	{70996: 7}														
35	{873: 7}	{5608: 7}	{113255: 7}													
36	{7364: 7}															
37	{113255: 14}															
38	{873: 14}	{4460: 14}	{7364: 14}													
39	{873: 14}	{4460: 14}	{7364: 14}													
40	{55826: 7}	{70996: 7}														
41	{70996: 7}															
42	{7364: 14}	{76802: 7}														
43	{55826: 14}															
44	{55826: 14}	{113255: 7}														
45	{70996: 14}															
46	{70996: 14}	{113255: 14}														
47	{7364: 14}	{76802: 7}														
48	{55826: 14}															
49	{55826: 14}	{113255: 7}														
50	{70996: 14}															
51	{70996: 14}	{113255: 14}														
52	{55826: 14}															
53	{7364: 14}	{76802: 7}														
54	{55826: 14}	{113255: 7}														
55	{70996: 14}															
56	{70996: 14}	{113255: 14}														
57	{7364: 14}	{76802: 7}														
58	{55826: 14}															
59	{55826: 14}	{113255: 7}														
60	{70996: 14}															
61	{76802: 7}	{113255: 7}														
62	{55826: 7}	{70996: 7}														
63	{55826: 7}	{70996: 7}														
64	{113255: 14}															
65	{55826: 7}	{70996: 7}														
66	{55826: 7}	{70996: 7}														
67	{55826: 7}															
68	{7364: 14}	{113255: 14}														
69	{55826: 7}	{76802: 7}														
70	{76802: 7}															
71	{55826: 1}															
72	{76802: 1}															
73	{55826: 1}	{76802: 1}														
74	{76802: 28}	{113255: 28}														
75	{76802: 28}	{113255: 28}														
76	{76802: 28}	{113255: 28}														
77	{76802: 28}	{113255: 28}														
78	{76802: 28}	{113255: 28}														
79	{7364: 14}	{55826: 14}	{70996: 14}													
80	{7364: 14}	{70996: 28}														
81	{7364: 7}	{55826: 7}														
82	{55826: 7}	{76802: 7}														
83	{55826: 14}	{76802: 7}														
84	{7364: 7}	{55826: 14}	{70996: 7}													
85	{70996: 14}															
86	{55826: 28}	{70996: 28}														
87	{7364: 7}															
88	{76802: 28}	{113255: 28}														
89	{55826: 28}	{70996: 28}														
90	{7364: 14}	{113255: 14}														
91	{7364: 14}															
92	{7364: 21}															
93	{7364: 14}	{70996: 14}														
94	{55826: 28}	{76802: 14}	{113255: 14}													
95	{7364: 14}	{70996: 28}														
96	{7364: 14}	{55826: 14}	{70996: 28}													
97	{76802: 28}	{113255: 28}														
98	{55826: 28}	{70996: 14}														
99	{76802: 28}	{113255: 28}														
100	{76802: 28}	{113255: 28}														
101	{55826: 14}															
102	{70996: 28}															
103	{76802: 7}	{113255: 7}														
104	{55826: 7}	{76802: 7}														
105	{70996: 14}															
106	{55826: 28}															
107	{76802: 14}															
108	{70996: 28}															
109	{7364: 28}															
110	{70996: 28}															
111	{7364: 28}	{55826: 28}														
112	{76802: 14}															
113	{55826: 28}	{70996: 28}														
114	{55826: 28}	{70996: 28}														
115	{55826: 28}	{70996: 28}														
116	{55826: 24}	{70996: 24}														
117	{8113: 7}															
118	{14663: 7}															
119	{76802: 21}															
120	{76802: 3}															
121	{76802: 21}															
122	{76802: 3}															
123	{113255: 35}															
124	{76802: 14}	{113255: 14}														
125	{76802: 14}															
126	{76802: 70}															
127	{113255: 35}															
128	{76802: 28}															
129	{113255: 35}															
130	{113255: 14}															
131	{76802: 56}															
132	{113255: 28}															
133	{113255: 35}															
134	{76802: 14}															
135	{76802: 14}															
136	{76802: 28}															
137	{76802: 14}															
138	{76802: 21}															
139	{76802: 14}															
140	{76802: 28}															
141	{113255: 28}															
142	{113255: 14}															
143	{113255: 28}															
144	{113255: 14}															
145	{113255: 14}															
146	{113255: 14}															
147	{76802: 14}															
148	{113255: 14}															
149	{113255: 14}															
150	{76802: 14}	{113255: 14}														
151	{113255: 14}															
152	{76802: 14}															
153	{113255: 28}															
154	{70996: 21}															
155	{76802: 28}															
156	{7364: 14}															
157	{76802: 14}															
158	{7364: 7}															
159	{55826: 21}															
160	{55826: 21}															
161	{76802: 28}															
162	{113255: 14}															
163	{76802: 28}															
164	{7364: 28}															
165	{113255: 28}															
166	{70996: 21}															
167	{113255: 28}															
168	{7364: 14}	{70996: 14}														
169	{7364: 14}	{55826: 14}														
170	{76802: 28}															
171	{76802: 14}															
172	{76802: 28}															
173	{113255: 14}															
174	{76802: 14}															
175	{76802: 14}															
176	{76802: 14}															
177	{113255: 14}															
178	{7364: 14}	{70996: 21}														
179	{7364: 14}	{70996: 14}														
180	{70996: 14}															
181	{55826: 28}															
182	{70996: 21}															
183	{7364: 7}															
184	{7364: 14}															
185	{76802: 14}															
186	{113255: 28}															
187	{76802: 14}															
188	{113255: 28}															
189	{7364: 14}															
190	{70996: 21}															
191	{7364: 14}	{70996: 14}														
192	{7364: 14}															
193	{70996: 14}															
194	{70996: 14}															
195	{55826: 28}															
196	{55826: 28}															
197	{55826: 14}															
198	{70996: 7}															
199	{55826: 21}															
200	{7364: 14}	{55826: 14}														
201	{76802: 14}															
202	{113255: 14}															
203	{55826: 14}	{70996: 21}														
204	{55826: 28}															
205	{55826: 14}															
206	{70996: 7}															
207	{70996: 14}															
208	{70996: 14}															
209	{55826: 28}	{70996: 14}														
210	{7364: 14}															
211	{55826: 14}															
212	{55826: 14}															
213	{7364: 14}	{55826: 28}														
214	{55826: 28}															
215	{7364: 21}	{55826: 21}	{70996: 21}													
216	{7364: 21}	{55826: 21}	{70996: 21}													
217	{7364: 21}	{55826: 21}	{70996: 21}													
218	{55826: 28}															
219	{7364: 21}	{55826: 21}	{70996: 21}													
220	{113255: 7}															
221	{113255: 7}															
222	{113255: 7}															
223	{113255: 7}															
224	{7364: 28}	{76802: 28}	{113255: 28}													
225	{55826: 28}	{113255: 28}														
226	{55826: 28}	{76802: 28}	{113255: 28}													
227	{113255: 28}															
228	{7364: 28}	{55826: 28}	{70996: 28}													
229	{7364: 28}															
230	{7364: 28}	{113255: 28}														
231	{55826: 28}	{70996: 28}	{76802: 28}													
232	{70996: 28}															
233	{7364: 28}	{55826: 56}	{70996: 56}													
234	{70996: 28}															
235	{76802: 28}															
236	{7364: 28}															
237	{76802: 42}															
238	{113255: 28}															
239	{7364: 7}	{55826: 21}														
240	{70996: 21}															
241	{7364: 7}	{70996: 14}														
242	{76802: 49}															
243	{7364: 28}															
244	{76802: 7}	{113255: 7}														
245	{113255: 42}															
246	{70996: 28}															
247	{7364: 14}															
248	{55826: 28}															
249	{55826: 28}															
250	{7364: 28}															
251	{55826: 14}															
252	{55826: 35}															
253	{113255: 28}															
254	{7364: 28}															
255	{76802: 28}															
256	{113255: 14}															
257	{76802: 14}															
258	{76802: 14}															
259	{76802: 14}															
260	{76802: 14}															
261	{70996: 28}	{76802: 28}	{113255: 28}													
262	{7364: 28}	{55826: 28}	{70996: 28}													
263	{55826: 21}															
264	{7364: 14}	{55826: 14}														
265	{113255: 14}															
266	{113255: 14}															
267	{113255: 14}															
268	{113255: 28}															
269	{113255: 28}															
270	{70996: 28}															
271	{7364: 28}	{76802: 28}	{113255: 28}													
272	{19075: 21}	{74864: 21}	{78678: 21}													
273	{7364: 10}															
274	{19075: 21}	{74864: 21}	{78678: 21}													
275	{7364: 10}															
276	{55826: 15}															
277	{19075: 21}	{74864: 21}	{78678: 21}													
278	{7364: 20}															
279	{70996: 10}															
280	{7364: 10}	{55826: 10}														
281	{55826: 28}	{113255: 28}														
282	{7364: 28}	{76802: 28}	{113255: 28}													
283	{55826: 15}															
284	{7364: 20}	{55826: 20}														
285	{7364: 10}	{55826: 10}	{70996: 5}													
286	{55826: 20}															
287	{113255: 28}															
288	{76802: 28}															
289	{113255: 14}															
290	{70996: 15}															
291	{76802: 21}															
292	{76802: 14}															
293	{7364: 21}															
294	{7364: 14}	{55826: 7}	{70996: 7}													
295	{7364: 14}	{55826: 14}														
296	{70996: 12}															
297	{55826: 24}															
298	{55826: 36}															
299	{55826: 24}															
300	{7364: 12}	{70996: 6}														
301	{70996: 18}															
302	{76802: 28}															
303	{7364: 12}	{70996: 12}														
304	{7364: 12}	{70996: 12}														
305	{76802: 7}	{113255: 7}														
306	{76802: 7}	{113255: 7}														
307	{76802: 7}	{113255: 7}														
308	{76802: 7}	{113255: 7}														
309	{76802: 7}	{113255: 7}														
310	{76802: 7}	{113255: 7}														
311	{76802: 7}	{113255: 7}														
312	{76802: 7}	{113255: 7}														
313	{76802: 7}	{113255: 7}														
314	{76802: 7}	{113255: 7}														
315	{55826: 7}	{70996: 7}														
316	{55826: 7}	{70996: 7}														
317	{55826: 7}	{70996: 7}														
318	{55826: 7}	{70996: 7}														
319	{55826: 7}	{70996: 7}														
320	{55826: 7}	{70996: 7}														
321	{55826: 7}	{70996: 7}														
322	{55826: 7}	{70996: 7}														
323	{55826: 7}	{70996: 7}														
324	{55826: 7}	{70996: 7}														
325	{19075: 21}	{74864: 21}	{78678: 21}													
326	{55826: 7}	{70996: 7}														
327	{55826: 7}	{70996: 7}														
328	{76802: 7}	{113255: 7}														
329	{76802: 7}	{113255: 7}														
330	{55826: 7}	{70996: 7}														
331	{76802: 7}	{113255: 7}														
332	{76802: 7}	{113255: 7}														
333	{55826: 7}	{70996: 7}														
334	{55826: 7}	{70996: 7}														
335	{55826: 7}	{70996: 7}														
336	{55826: 7}	{70996: 7}														
337	{55826: 7}	{70996: 7}														
338	{55826: 7}	{70996: 7}														
339	{55826: 7}	{70996: 7}														
340	{76802: 28}															
341	{76802: 28}	{113255: 28}														
342	{76802: 28}	{113255: 28}														
343	{76802: 28}	{113255: 28}														
344	{70996: 7}	{113255: 14}														
345	{55826: 28}	{70996: 28}														
346	{7364: 28}															
347	{76802: 7}	{113255: 7}														
348	{76802: 7}	{113255: 7}														
349	{76802: 7}	{113255: 7}														
350	{76802: 7}	{113255: 7}														
351	{76802: 7}	{113255: 7}														
352	{76802: 7}	{113255: 7}														
353	{76802: 7}	{113255: 7}														
354	{76802: 7}	{113255: 7}														
355	{76802: 7}	{113255: 7}														
356	{76802: 7}	{113255: 7}														
357	{55826: 7}	{70996: 7}														
358	{55826: 7}	{70996: 7}														
359	{55826: 7}	{70996: 7}														
360	{55826: 7}	{70996: 7}														
361	{55826: 7}	{70996: 7}														
362	{55826: 7}	{70996: 7}														
363	{55826: 7}	{70996: 7}														
364	{55826: 7}	{70996: 7}														
365	{55826: 7}	{70996: 7}														
366	{76802: 7}	{113255: 7}														
367	{55826: 7}	{70996: 7}														
368	{32934: 7}	{55826: 7}	{70996: 7}													
369	{70996: 15}															
370	{7364: 28}	{55826: 28}	{70996: 28}													
371	{76802: 5}	{113255: 5}														
372	{76802: 5}	{113255: 5}														
373	{76802: 5}	{113255: 5}														
374	{76802: 5}	{113255: 5}														
375	{76802: 5}	{113255: 5}														
376	{76802: 5}	{113255: 5}														
377	{76802: 5}	{113255: 5}														
378	{76802: 5}	{113255: 5}														
379	{76802: 5}	{113255: 5}														
380	{76802: 5}	{113255: 5}														
381	{55826: 5}	{70996: 5}														
382	{55826: 5}	{70996: 5}														
383	{55826: 5}	{70996: 5}														
384	{55826: 5}	{70996: 5}														
385	{55826: 5}	{70996: 5}														
386	{55826: 5}	{70996: 5}														
387	{55826: 5}	{70996: 5}														
388	{55826: 5}	{70996: 5}														
389	{55826: 5}	{70996: 5}														
390	{55826: 5}	{70996: 5}														
391	{70996: 15}															
392	{10716: 5}	{32934: 5}	{50093: 5}	{55826: 5}	{70996: 5}	{106244: 5}										
393	{55826: 7}															
394	{76802: 21}															
395	{7364: 14}															
396	{113255: 14}															
397	{55826: 14}															
398	{76802: 21}															
399	{55826: 14}															
400	{7364: 7}															
401	{7364: 7}															
402	{76802: 7}															
403	{7364: 28}															
404	{113255: 28}															
405	{55826: 21}															
406	{70996: 28}															
407	{7364: 7}	{55826: 21}	{76802: 14}													
408	{55826: 24}															
409	{70996: 15}															
410	{70996: 15}															
411	{11162: 7}	{74858: 7}														
412	{70996: 14}															
413	{70996: 2}															
414	{74858: 14}															
415	{18289: 7}	{44275: 7}														
416	{44275: 7}															
417	{70996: 12}															
418	{7364: 12}															
419	{70996: 18}															
420	{55826: 18}	{70996: 6}														
421	{7364: 14}															
422	{7364: 14}	{55826: 21}														
423	{7364: 28}															
424	{7364: 14}															
425	{7364: 12}	{70996: 12}														
426	{55826: 10}	{70996: 5}														
427	{55826: 20}	{70996: 10}														
428	{76802: 7}	{113255: 7}														
429	{76802: 7}	{113255: 7}														
430	{76802: 7}	{113255: 7}														
431	{76802: 7}	{113255: 7}														
432	{76802: 7}	{113255: 7}														
433	{76802: 7}	{113255: 7}														
434	{76802: 7}	{113255: 7}														
435	{76802: 7}	{113255: 7}														
436	{76802: 7}	{113255: 7}														
437	{76802: 7}	{113255: 7}														
438	{76802: 7}	{113255: 7}														
439	{55826: 7}	{70996: 7}														
440	{55826: 7}	{70996: 7}														
441	{55826: 7}	{70996: 7}														
442	{55826: 7}	{70996: 7}														
443	{55826: 7}	{70996: 7}														
444	{55826: 7}	{70996: 7}														
445	{55826: 7}	{70996: 7}														
446	{55826: 7}	{70996: 7}														
447	{55826: 7}	{70996: 7}														
448	{55826: 7}	{70996: 7}														
449	{10716: 14}	{18289: 28}	{32934: 28}	{44275: 7}	{46684: 14}	{55826: 14}	{70996: 7}	{106244: 28}	{113255: 7}							
450	{873: 14}	{4460: 14}	{7364: 21}	{8172: 21}	{11162: 7}	{50093: 7}	{52624: 14}	{55915: 14}	{74858: 7}	{76802: 21}	{113255: 14}	{116936: 28}				
451																
452																
453	{55826: 18}															
454	{7364: 5}	{55826: 15}														
455	{70996: 15}															
456	{55826: 7}	{70996: 7}														
457	{7364: 6}	{70996: 18}														
458	{7364: 12}	{55826: 12}														
459	{55826: 7}	{70996: 7}														
460	{76802: 7}	{113255: 7}														
461	{76802: 7}	{113255: 7}														
462	{76802: 7}	{113255: 7}														
463	{76802: 7}	{113255: 7}														
464	{76802: 7}	{113255: 7}														
465	{76802: 7}	{113255: 7}														
466	{76802: 7}	{113255: 7}														
467	{55826: 7}	{70996: 7}														
468	{19075: 21}	{74864: 21}	{78678: 21}													
469	{14663: 7}															
470	{8113: 7}															
471	{76802: 7}															
472	{7364: 21}	{55826: 21}	{70996: 21}													
473	{70996: 14}															
474	{7364: 21}	{55826: 21}	{70996: 21}													
475	{873: 14}	{5608: 14}														
476	{7558: 7}															
477	{873: 14}	{74858: 7}														
478	{4460: 14}															
479	{70997: 21}															
480	{70997: 28}															
481	{76802: 28}	{113255: 28}														
482	{76802: 28}	{113255: 28}														
483	{76802: 28}	{113255: 28}														
484	{7364: 28}	{55826: 28}	{70996: 28}													
485	{76802: 28}	{113255: 28}														
486	{76802: 28}	{113255: 28}														
487	{76802: 28}	{113255: 28}														
488	{76802: 7}	{113255: 7}														
489	{55826: 7}	{70996: 7}														
490	{76802: 7}	{113255: 7}														
491	{55826: 7}	{70996: 7}														
492	{55826: 28}	{70996: 28}														
493	{76802: 7}	{113255: 7}														
494	{7364: 14}															
495	{873: 7}	{7558: 7}														
496	{7364: 14}															
497	{4460: 7}	{7364: 7}														
498	{873: 14}	{4460: 14}														
499	{4460: 14}	{70997: 7}														
500	{873: 14}	{7558: 7}														
501	{873: 4}															
502	{7558: 28}															
503	{7364: 7}															
504	{873: 7}	{7364: 7}	{7558: 7}													
505	{7558: 14}															
506	{873: 14}	{70997: 14}														
507	{4460: 14}	{7364: 7}	{70997: 7}													
508	{7558: 7}															
509	{873: 7}	{70997: 7}														
510	{4460: 14}															
511	{7558: 14}	{70997: 14}														
512	{55826: 21}															
513	{7364: 21}	{55826: 28}	{70996: 21}													
514	{7364: 7}	{55826: 28}	{70996: 14}													
515	{7364: 14}	{55826: 28}	{70996: 14}													
516	{7364: 14}	{55826: 21}	{70996: 14}													
517	{7364: 14}	{55826: 28}	{70996: 14}													
518	{7364: 14}	{55826: 14}	{70996: 14}													
519	{7364: 14}	{70996: 28}														
520	{7364: 2}	{55826: 2}	{70996: 2}													
521	{7364: 2}	{70996: 4}														
522	{7364: 28}															
523	{55826: 28}															
524	{70996: 14}	{113255: 28}														
525	{76802: 7}	{113255: 7}														
526	{76802: 12}	{113255: 12}														
527	{76802: 24}	{113255: 24}														
528	{76802: 24}	{113255: 24}														
529	{873: 14}	{7558: 7}														
530	{7364: 14}	{55826: 28}	{70996: 21}													
531	{7364: 14}	{55826: 21}	{70996: 21}													
532	{4460: 14}	{7364: 14}														
533	{873: 7}	{7558: 7}														
534	{7364: 14}															
535	{70997: 21}															
536	{873: 14}	{4460: 14}														
537	{7364: 14}															
538	{7364: 14}															
539	{7558: 7}															
540	{873: 14}	{7364: 14}														
541	{7558: 28}															
542	{55826: 7}	{70996: 7}														
543	{873: 4}															
544	{70997: 28}															
545	{873: 7}	{7364: 7}	{7558: 7}													
546	{7364: 7}															
547	{7558: 14}															
548	{7558: 7}															
549	{7364: 14}	{7558: 7}														
550	{7558: 7}															
551	{873: 14}	{70997: 14}														
552	{873: 7}	{70997: 7}														
553	{4460: 14}															
554	{7558: 14}	{70997: 14}														
555	{55826: 7}	{70996: 7}														
556	{55826: 7}	{70996: 7}														
557	{70996: 28}															
558	{7364: 14}															
559	{55826: 28}															
560	{55826: 28}															
561	{55826: 35}															
562	{70996: 14}															
563	{55826: 14}															
564	{7364: 28}															
565	{113255: 28}															
566	{7364: 28}															
567	{55826: 28}	{70996: 28}	{113255: 28}													
568	{55826: 28}	{70996: 28}	{76802: 28}													
569	{70996: 28}															
570	{76802: 28}															
571	{76802: 28}															
572	{7364: 28}	{55826: 28}	{70996: 28}													
573	{70996: 28}															
574	{70996: 28}															
575	{70996: 14}															
576	{76802: 28}															
577	{7364: 28}	{113255: 28}														
578	{113255: 14}															
579	{7364: 28}	{55826: 28}	{70996: 28}													
580	{7364: 28}															
581	{76802: 28}															
582	{70996: 28}															
583	{70996: 28}															
584	{7364: 28}	{55826: 28}	{76802: 28}													
585	{7364: 28}															
586	{55826: 28}	{70996: 28}	{76802: 28}													
587	{55826: 28}	{70996: 28}	{113255: 28}													
588	{76802: 28}															
589	{7364: 28}	{55826: 28}	{70996: 28}													
590	{55826: 28}	{113255: 28}														
591	{7364: 28}	{55826: 28}	{70996: 28}													
592	{7364: 28}	{70996: 21}	{76802: 28}													
593	{113255: 28}															
594	{70996: 28}	{76802: 28}	{113255: 28}													
595	{7364: 28}	{76802: 28}	{113255: 28}													
596	{55826: 28}	{76802: 28}	{113255: 28}													
597	{7364: 28}	{55826: 56}	{70996: 56}													
598	{70996: 7}															
599	{76802: 7}	{113255: 7}														
600	{76802: 7}	{113255: 7}														
601	{70996: 14}															
602	{76802: 7}	{113255: 7}														
603	{76802: 7}	{113255: 7}														
604	{76802: 7}	{113255: 7}														
605	{55826: 7}	{70996: 7}														
606	{55826: 7}	{70996: 7}														
607	{55826: 7}	{70996: 7}														
608	{55826: 7}	{70996: 7}														
609	{55826: 7}	{70996: 7}														
610	{55826: 7}	{70996: 7}														
611	{55826: 7}	{70996: 7}														
612	{55826: 7}	{70996: 7}														
613	{55826: 7}	{70996: 7}														
614	{55826: 7}	{70996: 7}														
615	{76802: 28}	{113255: 28}														
616	{76802: 28}	{113255: 28}														
617	{76802: 7}	{113255: 7}														
618	{76802: 7}	{113255: 7}														
619	{55826: 154}	{76802: 7}														
620	{76802: 7}	{113255: 7}														
621	{55826: 7}	{70996: 7}														
622	{55826: 7}	{70996: 7}														
623	{55826: 7}	{70996: 7}														
624	{76802: 7}	{113255: 7}														
625	{55826: 7}	{70996: 7}														
626	{55826: 7}	{70996: 7}														
627	{76802: 7}															
628	{70996: 14}															
629	{873: 3}															
630	{7558: 28}															
631	{76802: 7}	{113255: 7}														
632	{76802: 7}	{113255: 7}														
633	{76802: 7}	{113255: 7}														
634	{76802: 7}	{113255: 7}														
635	{76802: 7}	{113255: 7}														
636	{55826: 7}	{70996: 7}														
637	{55826: 7}	{70996: 7}														
638	{55826: 7}	{70996: 7}														
639	{55826: 7}	{70996: 7}														
640	{55826: 7}	{70996: 7}														
641	{55826: 7}	{70996: 7}														
642	{55826: 7}	{70996: 7}														
643	{55826: 7}	{70996: 7}														
644	{76802: 7}	{113255: 7}														
645	{76802: 7}	{113255: 7}														
646	{76802: 7}	{113255: 7}														
647	{76802: 7}	{113255: 7}														
648	{76802: 7}	{113255: 7}														
649	{76802: 7}	{113255: 7}														
650	{76802: 7}	{113255: 7}														
651	{76802: 7}	{113255: 7}														
652	{55826: 7}	{70996: 7}														
653	{76802: 7}	{113255: 7}														
654	{55826: 7}	{70996: 7}														
655	{55826: 7}	{70996: 7}														
656	{55826: 7}	{70996: 7}														
657	{55826: 7}	{70996: 7}														
658	{55826: 7}	{70996: 7}														
659	{55826: 7}	{70996: 7}														
660	{55826: 7}	{70996: 7}														
661	{55826: 7}	{70996: 7}														
662	{70996: 7}															
663	{55826: 7}	{70996: 7}														
664	{76802: 7}															
665	{70996: 14}															
666	{76802: 7}															
667	{55826: 91}															
668	{55826: 63}	{76802: 7}														
669	{76802: 7}	{113255: 7}														
670	{76802: 7}	{113255: 7}														
671	{76802: 7}	{113255: 7}														
672	{76802: 7}	{113255: 7}														
673	{76802: 7}	{113255: 7}														
674	{76802: 7}	{113255: 7}														
675	{70996: 15}															
676	{76802: 7}	{113255: 7}														
677	{76802: 7}	{113255: 7}														
678	{76802: 7}	{113255: 7}														
679	{55826: 7}	{70996: 7}														
680	{55826: 7}	{70996: 7}														
681	{55826: 7}	{70996: 7}														
682	{55826: 7}	{70996: 7}														
683	{55826: 7}	{70996: 7}														
684	{55826: 7}	{70996: 7}														
685	{55826: 7}	{70996: 7}														
686	{55826: 7}	{70996: 7}														
687	{55826: 7}	{70996: 7}														
688	{70996: 7}															
689	{76802: 7}															
690	{55826: 7}	{70996: 7}														
691	{70996: 14}															
692	{76802: 7}	{113255: 7}														
693	{76802: 7}	{113255: 7}														
694	{76802: 7}	{113255: 7}														
695	{76802: 7}	{113255: 7}														
696	{76802: 7}	{113255: 7}														
697	{55826: 7}	{70996: 7}														
698	{10655: 7}															
699	{55826: 7}	{70996: 7}														
700	{55826: 7}	{70996: 7}														
701	{55826: 7}	{70996: 7}														
702	{55826: 7}	{70996: 7}														
703	{55826: 7}	{70996: 7}														
704	{55826: 7}	{70996: 7}														
705	{55826: 7}	{70996: 7}														
706	{55826: 7}	{70996: 7}														
707	{70996: 7}															
708	{55826: 7}	{70996: 7}														
709	{70996: 14}															
710	{10655: 1}															
711	{70996: 28}															
712	{76802: 28}															
713	{70996: 28}															
714	{76802: 24}	{113255: 24}														
715	{55826: 28}	{70996: 28}	{113255: 28}													
716	{55826: 28}	{70996: 28}														
717	{76802: 7}	{113255: 7}														
718	{76802: 7}	{113255: 7}														
719	{76802: 7}	{113255: 7}														
720	{76802: 7}	{113255: 7}														
721	{76802: 7}	{113255: 7}														
722	{76802: 7}	{113255: 7}														
723	{76802: 7}	{113255: 7}														
724	{76802: 7}	{113255: 7}														
725	{76802: 7}	{113255: 7}														
726	{76802: 7}	{113255: 7}														
727	{55826: 7}	{70996: 7}														
728	{55826: 7}	{70996: 7}														
729	{55826: 7}	{70996: 7}														
730	{55826: 7}	{70996: 7}														
731	{55826: 7}	{70996: 7}														
732	{55826: 7}	{70996: 7}														
733	{55826: 7}	{70996: 7}														
734	{70996: 7}															
735	{55826: 7}	{70996: 7}														
736	{76802: 7}															
737	{55826: 7}	{70996: 7}														
738	{55826: 7}	{70996: 7}														
739	{70996: 14}															
740	{55826: 154}	{76802: 7}														
741	{76802: 7}	{113255: 7}														
742	{76802: 7}	{113255: 7}														
743	{55826: 7}	{70996: 7}														
744	{76802: 7}	{113255: 7}														
745	{76802: 7}	{113255: 7}														
746	{70996: 14}															
747	{55826: 7}	{70996: 7}														
748	{55826: 7}	{70996: 7}														
749	{55826: 7}	{70996: 7}														
750	{55826: 7}	{70996: 7}														
751	{55826: 7}	{70996: 7}														
752	{55826: 28}	{70996: 28}	{76802: 28}													
753	{70996: 28}															
754	{55826: 7}	{70996: 7}														
755	{55826: 28}															
756	{55826: 28}															
757	{55826: 28}	{70996: 28}	{113255: 28}													
758	{55826: 35}															
759	{55826: 7}	{70996: 7}														
760	{19075: 21}	{74864: 21}	{78678: 21}													
761	{7364: 28}	{55826: 28}	{76802: 28}													
762	{76802: 28}	{113255: 28}														
763	{7364: 14}															
764	{113255: 14}															
765	{55826: 28}															
766	{70996: 28}															
767	{55826: 28}															
768	{55826: 35}															
769	{55826: 28}	{70996: 28}	{113255: 28}													
770	{113255: 28}															
771	{7364: 28}															
772	{7364: 28}															
773	{70996: 14}															
774	{55826: 28}	{70996: 28}	{76802: 28}													
775	{55826: 28}	{70996: 28}	{113255: 28}													
776	{70996: 28}	{76802: 28}	{113255: 28}													
777	{76802: 28}															
778	{7364: 28}	{76802: 28}	{113255: 28}													
779	{76802: 21}															
780	{76802: 3}															
781	{7364: 14}	{55826: 28}	{70996: 14}													
782	{7364: 28}	{55826: 28}	{70996: 28}													
783	{19075: 21}	{74864: 21}	{78678: 21}													
784	{55826: 14}															
785	{7364: 14}															
786	{70996: 28}															
787	{2868: 7}	{10716: 7}	{14806: 7}	{32934: 7}	{44272: 7}	{44275: 7}	{49353: 7}	{50093: 7}	{52624: 7}	{70996: 7}	{76706: 7}	{90104: 7}	{93637: 7}	{106244: 7}	{118893: 7}	{127573: 7}
788	{55826: 28}															
789	{113255: 28}															
790	{7364: 28}															
791	{70996: 14}															
792	{55826: 35}															
793	{2868: 1}	{10716: 1}	{14806: 1}	{32934: 1}	{44272: 1}	{44275: 1}	{49353: 1}	{50093: 1}	{52624: 1}	{70996: 1}	{76706: 1}	{90104: 1}	{93637: 1}	{106244: 1}	{118893: 1}	{127573: 1}
794	{70996: 28}	{76802: 28}	{113255: 28}													
795	{55826: 28}	{70996: 28}	{113255: 28}													
796	{55826: 28}	{70996: 28}	{113255: 28}													
797	{7364: 28}	{55826: 28}	{70996: 28}													
798	{55826: 28}	{70996: 28}	{76802: 28}													
799	{7364: 28}	{70996: 21}	{76802: 28}													
800	{76802: 28}															
801	{7364: 28}	{55826: 28}	{70996: 28}													
802	{7364: 28}	{55826: 28}	{76802: 28}													
803	{55826: 28}	{113255: 28}														
804	{113255: 14}															
805	{113255: 28}															
806	{113255: 7}															
807	{76802: 6}	{113255: 6}														
808	{76802: 6}	{113255: 6}														
809	{76802: 6}	{113255: 6}														
810	{76802: 6}	{113255: 6}														
811	{76802: 6}	{113255: 6}														
812	{76802: 6}	{113255: 6}														
813	{76802: 6}	{113255: 6}														
814	{76802: 6}	{113255: 6}														
815	{76802: 6}	{113255: 6}														
816	{76802: 6}	{113255: 6}														
817	{55826: 6}	{70996: 6}														
818	{55826: 6}	{70996: 6}														
819	{55826: 6}	{70996: 6}														
820	{55826: 6}	{70996: 6}														
821	{55826: 6}	{70996: 6}														
822	{55826: 6}	{70996: 6}														
823	{70996: 6}															
824	{55826: 6}	{70996: 6}														
825	{55826: 6}	{70996: 6}														
826	{55826: 6}	{70996: 6}														
827	{55826: 6}	{70996: 6}														
828	{76802: 6}															
829	{70996: 12}															
830	{7364: 28}	{70996: 21}	{76802: 28}													
831	{76802: 7}	{113255: 7}														
832	{55826: 28}	{70996: 28}	{76802: 28}													
833	{55826: 7}	{70996: 7}														
834	{70996: 15}															
835	{7364: 28}	{55826: 28}	{70996: 28}													
836	{70996: 28}															
837	{70996: 7}															
838	{7364: 28}	{113255: 28}														
839	{55826: 7}	{70996: 7}														
840	{76802: 28}	{113255: 28}														
841	{55826: 14}															
842	{76802: 7}	{113255: 7}														
843	{70996: 28}															
844	{55826: 28}															
845	{55826: 28}															
846	{55826: 28}															
847	{7364: 28}															
848	{55826: 28}	{70996: 28}	{76802: 28}													
849	{70996: 28}	{76802: 28}	{113255: 28}													
850	{76802: 7}															
851	{7364: 21}	{55826: 21}	{70996: 21}													
852	{19075: 21}	{74864: 21}	{78678: 21}													
853	{19075: 21}	{74864: 21}	{78678: 21}													
854	{76802: 7}	{113255: 7}														
855	{76802: 7}	{113255: 7}														
856	{76802: 7}	{113255: 7}														
857	{76802: 7}	{113255: 7}														
858	{76802: 7}	{113255: 7}														
859	{76802: 7}	{113255: 7}														
860	{76802: 7}	{113255: 7}														
861	{76802: 7}	{113255: 7}														
862	{76802: 7}	{113255: 7}														
863	{76802: 7}	{113255: 7}														
864	{55826: 7}	{70996: 7}														
865	{7364: 12}	{55826: 18}	{70996: 18}													
866	{55826: 7}	{70996: 7}														
867	{55826: 7}	{70996: 7}														
868	{55826: 7}	{70996: 7}														
869	{55826: 7}	{70996: 7}														
870	{55826: 7}	{70996: 7}														
871	{70996: 7}															
872	{76802: 7}															
873	{55826: 7}	{70996: 7}														
874	{55826: 7}	{70996: 7}														
875	{55826: 7}	{70996: 7}														
876	{76802: 7}	{113255: 7}														
877	{76802: 7}	{113255: 7}														
878	{55826: 7}	{70996: 7}														
879	{55826: 7}	{70996: 7}														
880	{55826: 7}	{70996: 7}														
881	{55826: 7}	{70996: 7}														
882	{55826: 7}	{70996: 7}														
883	{76802: 7}	{113255: 7}														
884	{70996: 28}															
885	{55826: 28}															
886	{55826: 28}															
887	{7364: 14}															
888	{55826: 28}	{113255: 28}														
889	{55826: 35}															
890	{7364: 28}															
891	{113255: 14}															
892	{70996: 28}	{76802: 28}	{113255: 28}													
893	{76802: 28}															
894	{7364: 28}	{70996: 21}	{76802: 28}													
895	{7364: 28}	{55826: 28}	{70996: 28}													
896	{55826: 28}	{70996: 28}	{113255: 28}													
897	{7364: 28}															
898	{7364: 28}	{55826: 28}	{70996: 28}													
899	{7364: 28}	{113255: 28}														
900	{55826: 28}	{70996: 28}	{76802: 28}													
901	{7364: 28}	{55826: 28}	{76802: 28}													
902	{7364: 28}	{55826: 28}	{70996: 28}													
903	{113255: 28}															
904	{55826: 28}	{70996: 28}	{76802: 28}													
905	{76802: 7}	{113255: 7}														
906	{55826: 28}	{113255: 28}														
907	{7364: 28}	{55826: 56}	{70996: 56}													
908	{55826: 28}	{70996: 28}	{76802: 28}													
909	{19075: 21}	{74864: 21}	{78678: 21}													
910	{7364: 21}	{55826: 21}	{70996: 21}													
911	{19075: 21}	{74864: 21}	{78678: 21}													
912	{19075: 21}	{74864: 21}	{78678: 21}													
913	{76802: 7}	{113255: 7}														
914	{55826: 28}															
915	{55826: 28}	{70996: 28}														
916	{70996: 28}															
917	{55826: 7}	{70996: 7}														
918	{76802: 7}	{113255: 7}														
919	{76802: 7}	{113255: 7}														
920	{76802: 7}	{113255: 7}														
921	{55826: 7}	{70996: 7}														
922	{70996: 28}															
923	{55826: 7}	{70996: 7}														
924	{55826: 7}	{70996: 7}														
925	{76802: 7}	{113255: 7}														
926	{7364: 21}	{55826: 21}	{70996: 21}													
927	{76802: 7}	{113255: 7}														
928	{76802: 7}	{113255: 7}														
929	{76802: 7}	{113255: 7}														
930	{76802: 7}	{113255: 7}														
931	{76802: 7}	{113255: 7}														
932	{76802: 7}	{113255: 7}														
933	{76802: 7}	{113255: 7}														
934	{76802: 7}	{113255: 7}														
935	{55826: 7}	{70996: 7}														
936	{55826: 7}	{70996: 7}														
937	{76802: 7}	{113255: 7}														
938	{55826: 7}	{70996: 7}														
939	{55826: 7}	{70996: 7}														
940	{55826: 7}	{70996: 7}														
941	{55826: 7}	{70996: 7}														
942	{55826: 7}	{70996: 7}														
943	{55826: 7}	{70996: 7}														
944	{7364: 28}															
945	{55826: 7}	{70996: 7}														
946	{76802: 7}															
947	{70996: 14}															
948	{55826: 154}	{76802: 7}														
949	{76802: 7}	{113255: 7}														
950	{76802: 7}	{113255: 7}														
951	{76802: 7}	{113255: 7}														
952	{76802: 7}	{113255: 7}														
953	{76802: 7}	{113255: 7}														
954	{55826: 7}	{70996: 7}														
955	{76802: 7}	{113255: 7}														
956	{55826: 7}	{70996: 7}														
957	{55826: 7}	{70996: 7}														
958	{55826: 7}	{70996: 7}														
959	{55826: 7}	{70996: 7}														
960	{55826: 7}	{70996: 7}														
961	{55826: 7}	{70996: 7}														
962	{76802: 7}	{113255: 7}														
963	{76802: 7}	{113255: 7}														
964	{76802: 7}	{113255: 7}														
965	{76802: 7}	{113255: 7}														
966	{76802: 7}	{113255: 7}														
967	{76802: 7}	{113255: 7}														
968	{76802: 7}	{113255: 7}														
969	{76802: 7}	{113255: 7}														
970	{76802: 7}	{113255: 7}														
971	{76802: 7}	{113255: 7}														
972	{55826: 7}	{70996: 7}														
973	{55826: 7}	{70996: 7}														
974	{55826: 7}	{70996: 7}														
975	{55826: 7}	{70996: 7}														
976	{55826: 7}	{70996: 7}														
977	{55826: 7}	{70996: 7}														
978	{55826: 7}	{70996: 7}														
979	{55826: 7}	{70996: 7}														
980	{55826: 7}	{70996: 7}														
981	{76802: 7}															
982	{55826: 7}	{70996: 7}														
983	{70996: 14}															
984	{76802: 7}	{113255: 7}														
985	{76802: 7}	{113255: 7}														
986	{76802: 7}	{113255: 7}														
987	{76802: 7}	{113255: 7}														
988	{76802: 7}	{113255: 7}														
989	{76802: 7}	{113255: 7}														
990	{76802: 7}	{113255: 7}														
991	{76802: 7}	{113255: 7}														
992	{76802: 7}	{113255: 7}														
993	{76802: 7}	{113255: 7}														
994	{55826: 7}	{70996: 7}														
995	{76802: 7}															
996	{55826: 28}															
997	{55826: 14}															
998	{70996: 14}															
999	{70996: 28}															
1000	{7364: 14}															
1001	{113255: 28}															
1002	{7364: 28}															
1003	{76802: 14}															
1004	{55826: 35}															
1005	{7364: 28}															
1006	{55826: 28}	{70996: 28}	{113255: 28}													
1007	{70996: 28}	{76802: 28}	{113255: 28}													
1008	{76802: 28}															
1009	{55826: 28}	{70996: 28}	{113255: 28}													
